{"cameraMode":{"drawMode":0,"name":"Shaded","section":"Shading Mode"},"sceneLighting":false,"audioPlay":false,"sceneViewState":{"m_AlwaysRefresh":false,"showFog":true,"showSkybox":false,"showFlares":true,"showImageEffects":true,"showParticleSystems":true,"showVisualEffectGraphs":true,"m_FxEnabled":true},"in2DMode":false,"pivot":{"x":-1.3814820051193238,"y":0.503534197807312,"z":-2.0438568592071535},"rotation":{"x":0.09389011561870575,"y":0.5637000203132629,"z":-0.06477609276771546,"w":0.8181357383728027},"size":0.6181957721710205,"orthographic":false}