{"cameraMode":{"drawMode":0,"name":"Shaded","section":"Shading Mode"},"sceneLighting":true,"audioPlay":false,"sceneViewState":{"m_AlwaysRefresh":false,"showFog":true,"showSkybox":true,"showFlares":true,"showImageEffects":true,"showParticleSystems":true,"showVisualEffectGraphs":true,"m_FxEnabled":true},"in2DMode":false,"pivot":{"x":-13.635809898376465,"y":-11.584319114685059,"z":-10.976664543151856},"rotation":{"x":0.1289011538028717,"y":-0.8350226283073425,"z":0.22059309482574464,"w":0.4876643717288971},"size":15.926504135131836,"orthographic":false}